video_id,title,channel,url,published_at,duration_formatted,duration_seconds,view_count,like_count,comment_count,engagement_ratio,audio_path,audio_total_duration,audio_silence_ratio,audio_zero_crossing_rate,audio_mean_volume,transcription_status,transcription_audio_duration,num_speakers,speakers_list,num_segments,avg_confidence,detected_languages,dataset_score,estimated_speech_ratio,video_avg_confidence,video_dataset_score,video_detected_languages,niche,llm_score,llm_reason,tags,category_id,default_language,default_audio_language,caption_available,definition,licensed_content,projection,privacy_status,made_for_kids,topic_categories,passed_filters,failed_filters,description_preview
V5xkxDPaN2o,Lớp học hè đặc biệt của trẻ em miền di sản | VTV24,VTV24,https://www.youtube.com/watch?v=V5xkxDPaN2o,2026-06-14T00:00:00Z,2m 58s,178,186,10,0,5.38,Lop_hoc_he_đac_biet_cua_tre_em_mien_di_san_VTV24.wav,,,,,completed,177.853,1,SPEAKER_00,22,,"[""Tiếng VI-ORIG""]",,0.0,0.0,0.0,,,0.0,,"[""tin tức"", ""vtv24"", ""tin tức vtv"", ""thời sự vtv"", ""thời sự vtv24"", ""tin tức trong ngày"", ""chuyển động 24h"", ""tintuc"", ""tin tuc"", ""miền di sản"", ""trẻ em"", ""Lớp học hè"", ""quan họ""]",News & Politics,vi,,True,hd,False,rectangular,public,False,[],passed_all_criteria,,"Thay vì lớp học thêm hay trại hè kỹ năng, những bạn nhỏ tại tỉnh Bắc Ninh - miền đất của di sản quan họ lại có một mùa hè đặc biệt. Khi những làn điệu"
YD97qZi28KA,Kinh nghiệm cắm trại an toàn | VTV24,VTV24,https://www.youtube.com/watch?v=YD97qZi28KA,2026-06-14T00:00:00Z,2m 50s,170,511,13,0,2.54,Kinh_nghiem_cam_trai_an_toan_VTV24.wav,,,,,completed,170.086,1,SPEAKER_00,25,,"[""Tiếng VI-ORIG""]",,0.0,0.0,0.0,,,0.0,,"[""tin tức"", ""vtv24"", ""tin tức vtv"", ""thời sự vtv"", ""thời sự vtv24"", ""tin tức trong ngày"", ""chuyển động 24h"", ""tintuc"", ""tin tuc"", ""an toàn"", ""cắm trại"", ""Kinh nghiệm""]",News & Politics,vi,,True,hd,False,rectangular,public,False,[],passed_all_criteria,,"Cắm trại giữa thiên nhiên đang là lựa chọn trải nghiệm được nhiều gia đình và bạn trẻ ưa chuộng. Tuy nhiên, các khu vực ven suối, vùng núi hay rừng tự"
U4hJ2BrmKoA,Đẩy mạnh chi trả lương hưu qua tài khoản ngân hàng | VTV24,VTV24,https://www.youtube.com/watch?v=U4hJ2BrmKoA,2026-06-14T00:00:00Z,2m 44s,164,521,5,0,0.96,Đay_manh_chi_tra_luong_huu_qua_tai_khoan_ngan_hang_VTV24.wav,,,,,completed,163.77,1,SPEAKER_00,20,,"[""Tiếng VI-ORIG""]",,0.0,0.0,0.0,,,0.0,,"[""tin tức"", ""vtv24"", ""tin tức vtv"", ""thời sự vtv"", ""thời sự vtv24"", ""tin tức trong ngày"", ""chuyển động 24h"", ""tintuc"", ""tin tuc"", ""chi trả"", ""lương hưu"", ""tài khoản ngân hàng"", ""chuyển đổi số""]",News & Politics,vi,,True,hd,False,rectangular,public,False,[],passed_all_criteria,,"Nhận lương hưu qua tài khoản ngân hàng không chỉ là câu chuyện thay đổi phương thức chi trả. Với nhiều người cao tuổi, đó còn là bước khởi đầu để làm "
JbRMI3Lltyw,Thủ môn Yassine Bounou xuất sắc giúp Morocco giữ lại 1 điểm trước Brazil | World Cup 2026 | VTV24,VTV24,https://www.youtube.com/watch?v=JbRMI3Lltyw,2026-06-14T00:00:00Z,52s,52,1056,5,0,0.47,Thu_mon_Yassine_Bounou_xuat_sac_giup_Morocco_giu_lai_1_điem_truoc_Brazil_World_Cup_2026_VTV24.wav,,,,,completed,51.84,1,SPEAKER_00,9,,"[""Tiếng VI-ORIG""]",,0.0,0.0,0.0,,,0.0,,"[""tin tức"", ""vtv24"", ""tin tức vtv"", ""thời sự vtv"", ""thời sự vtv24"", ""tin tức trong ngày"", ""chuyển động 24h"", ""tintuc"", ""tin tuc"", ""Bounou"", ""Morocco"", ""Brazil"", ""World Cup"", ""2026"", ""thủ môn"", ""xuất sắc"", ""cứu thua"", ""1 điểm"", ""hòa"", ""phản xạ"", ""VTV24"", ""Yassine Bounou cứu thua xuất sắc"", ""thủ môn Morocco nản lòng Brazil"", ""Bounou chặn đứng Vinicius"", ""Morocco cầm hòa Brazil"", ""màn trình diễn đẳng cấp của Bounou"", ""kết quả bóng đá Brazil vs Morocco"", ""thể thao VTV24""]",News & Politics,vi,,True,hd,False,rectangular,public,False,[],passed_all_criteria,,Thủ môn Yassine Bounou xuất sắc giúp Morocco giữ lại 1 điểm trước Brazil | World Cup 2026. ---------- Ứng dụng VTVgo Android: https://bit.ly/305aQL
xbHb2qAK8fQ,Cơn sốt du lịch làm đẹp | VTV24,VTV24,https://www.youtube.com/watch?v=xbHb2qAK8fQ,2026-06-14T00:00:00Z,2m 40s,160,522,7,0,1.34,Con_sot_du_lich_lam_đep_VTV24.wav,,,,,completed,160.322,1,SPEAKER_00,20,,"[""Tiếng VI-ORIG""]",,0.0,0.0,0.0,,,0.0,,"[""tin tức"", ""vtv24"", ""tin tức vtv"", ""thời sự vtv"", ""thời sự vtv24"", ""tin tức trong ngày"", ""chuyển động 24h"", ""tintuc"", ""tin tuc"", ""du lịch"", ""làm đẹp"", ""Hàn Quốc"", ""phẫu thuật thẩm mỹ""]",News & Politics,vi,,True,hd,False,rectangular,public,False,[],passed_all_criteria,,"K-pop và K-beauty từng tạo ra một làn sóng văn hóa. Giờ đây, dao kéo và trị liệu cũng trở thành ‘mũi nhọn’ tiếp theo, củng cố vị thế Hàn Quốc như một "
Q_JBa0jMSJE,"Saibari lốp bóng một chạm, ghi bàn giúp Morocco dẫn trước Brazil | World Cup 2026 | VTV24",VTV24,https://www.youtube.com/watch?v=Q_JBa0jMSJE,2026-06-14T00:00:00Z,56s,56,962,8,0,0.83,Saibari_lop_bong_mot_cham_ghi_ban_giup_Morocco_dan_truoc_Brazil_World_Cup_2026_VTV24.wav,,,,,completed,56.299,1,SPEAKER_00,8,,"[""Tiếng VI-ORIG""]",,0.0,0.0,0.0,,,0.0,,"[""tin tức"", ""vtv24"", ""tin tức vtv"", ""thời sự vtv"", ""thời sự vtv24"", ""tin tức trong ngày"", ""chuyển động 24h"", ""tintuc"", ""tin tuc"", ""Saibari"", ""Morocco"", ""Brazil"", ""World Cup"", ""2026"", ""lốp bóng"", ""một chạm"", ""dẫn trước"", ""bất ngờ"", ""siêu phẩm"", ""VTV24"", ""Ismael Saibari ghi bàn vào lưới Brazil"", ""Saibari lốp bóng đẳng cấp World Cup"", ""Morocco bất ngờ dẫn trước Brazil"", ""siêu phẩm một chạm của Saibari"", ""kết quả bóng đá Brazil vs Morocco"", ""cú sốc địa chấn World Cup 2026"", ""thể thao VTV24""]",News & Politics,vi,,True,hd,False,rectangular,public,False,[],passed_all_criteria,,"Phút 21, từ một tình huống triển khai tấn công mạch lạc ở khu vực trung lộ, Brahim Diaz thực hiện đường chọc khe loại bỏ hoàn toàn hàng phòng ngự Braz"
F-Ofow1Bu_o,Hoắc Thành - Thủ phủ hoa oải hương của Trung Quốc | VTV24,VTV24,https://www.youtube.com/watch?v=F-Ofow1Bu_o,2026-06-14T00:00:00Z,5m 3s,303,882,21,0,2.38,Hoac_Thanh_-_Thu_phu_hoa_oai_huong_cua_Trung_Quoc_VTV24.wav,,,,,completed,302.602,1,SPEAKER_00,37,,"[""Tiếng VI-ORIG""]",,0.0,0.0,0.0,,,0.0,,"[""tin tức"", ""vtv24"", ""tin tức vtv"", ""thời sự vtv"", ""thời sự vtv24"", ""tin tức trong ngày"", ""chuyển động 24h"", ""tintuc"", ""tin tuc"", ""Trung Quốc"", ""hoa oải hương"", ""Thủ phủ"", ""Hoắc Thành""]",News & Politics,vi,,True,hd,False,rectangular,public,False,[],passed_all_criteria,,"Hoắc Thành - một huyện biên giới ở phía bắc Khu tự trị dân tộc Duy Ngô Nhĩ Tân Cương, Trung Quốc với những cánh đồng hoa oải hương tím biếc, ngát hươn"
qQbMq9-7Dro,Bàn thắng đẳng cấp của Vinicius vào lưới Morocco | World Cup 2026 | VTV24,VTV24,https://www.youtube.com/watch?v=qQbMq9-7Dro,2026-06-14T00:00:00Z,55s,55,1749,21,1,1.26,Ban_thang_đang_cap_cua_Vinicius_vao_luoi_Morocco_World_Cup_2026_VTV24.wav,,,,,completed,54.848,1,SPEAKER_00,12,,"[""Tiếng VI-ORIG""]",,0.0,0.0,0.0,,,0.0,,"[""tin tức"", ""vtv24"", ""tin tức vtv"", ""thời sự vtv"", ""thời sự vtv24"", ""tin tức trong ngày"", ""chuyển động 24h"", ""tintuc"", ""tin tuc"", ""Vinicius"", ""Brazil"", ""Morocco"", ""World Cup"", ""2026"", ""bàn thắng"", ""đẳng cấp"", ""solo"", ""lừa bóng"", ""siêu phẩm"", ""VTV24"", ""Vinicius Junior ghi bàn Morocco"", ""Vinicius tỏa sáng World Cup 2026"", ""bàn thắng đẳng cấp của Vinicius Jr"", ""siêu phẩm solo của Vinicius"", ""kết quả bóng đá Brazil vs Morocco"", ""ngôi sao Real Madrid rực sáng"", ""thể thao VTV24""]",News & Politics,vi,,True,hd,False,rectangular,public,False,[],passed_all_criteria,,Tiền đạo Vinicius tỏa sáng với một pha xử lý đẳng cấp giúp Brazil giành lại 1 điểm trong trận hòa 1-1 trước Morocco ở lượt trận ra quân bảng C World C
pLwUjIA5usA,"Highlights World Cup 2026: Qatar – Thụy Sĩ | Đòn trừng phạt phút 90+4, điểm số lịch sử | VTV24",VTV24,https://www.youtube.com/watch?v=pLwUjIA5usA,2026-06-14T00:00:00Z,1m 55s,115,6618,19,0,0.29,Highlights_World_Cup_2026_Qatar_Thuy_Si_Đon_trung_phat_phut_90_4_điem_so_lich_su_VTV24.wav,,,,,completed,115.413,1,SPEAKER_00,16,,"[""Tiếng VI-ORIG""]",,0.0,0.0,0.0,,,0.0,,"[""tin tức"", ""vtv24"", ""tin tức vtv"", ""thời sự vtv"", ""thời sự vtv24"", ""tin tức trong ngày"", ""chuyển động 24h"", ""tintuc"", ""tin tuc"", ""world cup 2026"", ""qatar vs thuy si"", ""penalty thuy si"", ""var world cup"", ""kết quả bóng đá"", ""thuy si penalty"", ""highlights tran dau"", ""video ban thang"", ""embolo ghi ban"", ""khoukhi gỡ hòa"", ""tranh cai var"", ""kịch tính phút bù giờ"", ""bảng b world cup"", ""highlights qatar thuy si"", ""world cup"", ""vtv3 trực tiếp"", ""wc 2026"", ""vtvgo"", ""trực tiếp bóng đá world cup"", ""trực tiếp world cup""]",News & Politics,vi,,True,hd,False,rectangular,public,False,[],passed_all_criteria,,"Qatar đã giành được điểm số đầu tiên trong lịch sử tham dự World Cup. Trong khi đó, Thụy Sĩ chỉ có thể tự trách mình sau 90 phút mà họ đã phung phí qu"
U1HLXn_-Be0,Chuyển động ngày 14/6: Tư duy ‘sao chép’ không còn dễ ‘thoát hiểm’ | VTV24,VTV24,https://www.youtube.com/watch?v=U1HLXn_-Be0,2026-06-14T00:00:00Z,27m 57s,1677,3952,51,0,1.29,Chuyen_đong_ngay_14_6_Tu_duy_sao_chep_khong_con_de_thoat_hiem_VTV24.wav,,,,,completed,1676.651,1,SPEAKER_00,199,,"[""Tiếng VI-ORIG""]",,0.0,0.0,0.0,,,0.0,,"[""tin tức"", ""vtv24"", ""tin tức vtv"", ""thời sự vtv"", ""thời sự vtv24"", ""tin tức trong ngày"", ""chuyển động 24h"", ""tintuc"", ""tin tuc"", ""copy"", ""paste"", ""sao chép"", ""dán"", ""tư duy"", ""thoát hiểm""]",News & Politics,vi,,True,hd,False,rectangular,public,False,[],passed_all_criteria,,"Tuần qua, tư duy copy, paste - ‘sao chép’ và ‘dán’ đã bị phát giác trên thương trường và trong phòng thi. Sao chép làm giả đồ ăn, thức uống đến áo quầ"
aA3qShylGcw,Hà Nội: Nguy cơ bùng phát sốt xuất huyết | VTV24,VTV24,https://www.youtube.com/watch?v=aA3qShylGcw,2026-06-14T00:00:00Z,2m 49s,169,3025,20,0,0.66,Ha_Noi_Nguy_co_bung_phat_sot_xuat_huyet_VTV24.wav,,,,,completed,169.28,1,SPEAKER_00,26,,"[""Tiếng VI-ORIG""]",,0.0,0.0,0.0,,,0.0,,"[""tin tức"", ""vtv24"", ""tin tức vtv"", ""thời sự vtv"", ""thời sự vtv24"", ""tin tức trong ngày"", ""chuyển động 24h"", ""tintuc"", ""tin tuc"", ""Hà Nội"", ""sốt xuất huyết"", ""Nguy cơ"", ""bùng phát""]",News & Politics,vi,,True,hd,False,rectangular,public,False,[],passed_all_criteria,,"Trên cả nước từ đầu năm đến nay đã ghi nhận hơn 50 nghìn ca mắc sốt xuất huyết, Con số này cao gấp 2.5 lần cùng kỳ năm ngoái.  Tại Hà Nội, 93/126 phườ"
mvJWrb9MFiw,World Cup 2026: Qatar – Thụy Sĩ | Var – Penalty gây tranh cãi | VTV24,VTV24,https://www.youtube.com/watch?v=mvJWrb9MFiw,2026-06-14T00:00:00Z,1m 47s,107,20390,55,0,0.27,World_Cup_2026_Qatar_Thuy_Si_Var_Penalty_gay_tranh_cai_VTV24.wav,,,,,completed,106.56,1,SPEAKER_00,15,,"[""Tiếng VI-ORIG""]",,0.0,0.0,0.0,,,0.0,,"[""tin tức"", ""vtv24"", ""tin tức vtv"", ""thời sự vtv"", ""thời sự vtv24"", ""tin tức trong ngày"", ""chuyển động 24h"", ""tintuc"", ""tin tuc"", ""world cup 2026"", ""qatar vs thuy si"", ""penalty thuy si"", ""var world cup"", ""kết quả bóng đá"", ""thuy si penalty"", ""highlights tran dau"", ""video ban thang"", ""embolo ghi ban"", ""khoukhi gỡ hòa"", ""tranh cai var"", ""kịch tính phút bù giờ"", ""bảng b world cup"", ""highlights qatar thuy si"", ""world cup"", ""vtv3 trực tiếp"", ""wc 2026"", ""vtvgo"", ""trực tiếp bóng đá world cup"", ""trực tiếp world cup""]",News & Politics,vi,,True,hd,False,rectangular,public,False,[],passed_all_criteria,,Quyết định công nhận quả phạt đền giúp Thụy Sĩ mở tỷ số trong trận hòa Qatar 1-1 ở bảng B World Cup 2026 khiến nhiều người hâm mộ khó hiểu. Xem đầy đủ
ND5UDKoyR-8,World Cup 2026: Qatar – Thụy Sĩ | Bàn thắng phút bù giờ cuối cùng | VTV24,VTV24,https://www.youtube.com/watch?v=ND5UDKoyR-8,2026-06-14T00:00:00Z,1m 25s,85,5201,39,0,0.75,World_Cup_2026_Qatar_Thuy_Si_Ban_thang_phut_bu_gio_cuoi_cung_VTV24.wav,,,,,completed,85.099,1,SPEAKER_00,9,,"[""Tiếng VI-ORIG""]",,0.0,0.0,0.0,,,0.0,,"[""tin tức"", ""vtv24"", ""tin tức vtv"", ""thời sự vtv"", ""thời sự vtv24"", ""tin tức trong ngày"", ""chuyển động 24h"", ""tintuc"", ""world cup 2026"", ""qatar vs thuy si"", ""penalty thuy si"", ""var world cup"", ""kết quả bóng đá"", ""thuy si penalty"", ""highlights tran dau"", ""video ban thang"", ""embolo ghi ban"", ""khoukhi gỡ hòa"", ""tranh cai var"", ""kịch tính phút bù giờ"", ""bảng b world cup"", ""highlights qatar thuy si"", ""world cup"", ""vtv3 trực tiếp"", ""wc 2026"", ""vtvgo"", ""trực tiếp bóng đá world cup"", ""trực tiếp world cup"", ""highlight world cup 2026""]",News & Politics,vi,,True,hd,False,rectangular,public,False,[],passed_all_criteria,,"Trong thời điểm thất bại đã cận kề, trung vệ Qatar - Abdelkarim Hassan Khoukhi (35 tuổi) bất ngờ tỏa sáng với pha đánh đầu ghi bàn ở phút 90+4. Bàn th"
E9ui_Mg-IQo,Cảnh báo cháy rừng hiệu quả với hệ thống camera A.I | VTV24,VTV24,https://www.youtube.com/watch?v=E9ui_Mg-IQo,2026-06-14T00:00:00Z,2m 45s,165,944,17,0,1.8,Canh_bao_chay_rung_hieu_qua_voi_he_thong_camera_A_I_VTV24.wav,,,,,completed,165.12,1,SPEAKER_00,20,,"[""Tiếng VI-ORIG""]",,0.0,0.0,0.0,,,0.0,,"[""tin tức"", ""vtv24"", ""tin tức vtv"", ""thời sự vtv"", ""thời sự vtv24"", ""tin tức trong ngày"", ""chuyển động 24h"", ""tintuc"", ""tin tuc"", ""Cảnh báo"", ""cháy rừng"", ""camera A.I""]",News & Politics,vi,,True,hd,False,rectangular,public,False,[],passed_all_criteria,,"Công nghệ số đang từng bước thay đổi cách con người bảo vệ những cánh rừng. Công nghệ số đang cùng đồng hành với những người kiểm lâm băng rừng, vượt "
7w2o-pPW_Ck,TSTC trưa 14/6: Điều tra giao dịch gian lận liên quan đến CHATGPT PRO | VTV24,VTV24,https://www.youtube.com/watch?v=7w2o-pPW_Ck,2026-06-14T00:00:00Z,30m 59s,1859,15771,115,0,0.73,TSTC_trua_14_6_Đieu_tra_giao_dich_gian_lan_lien_quan_đen_CHATGPT_PRO_VTV24.wav,,,,,completed,1858.773,1,SPEAKER_00,227,,"[""Tiếng VI-ORIG""]",,0.0,0.0,0.0,,,0.0,,"[""tin tức"", ""vtv24"", ""tin tức vtv"", ""thời sự vtv"", ""thời sự vtv24"", ""tin tức trong ngày"", ""chuyển động 24h"", ""tintuc"", ""tin tuc"", ""CHATGPT PRO"", ""Liệt sĩ"", ""hiến máu"", ""Bảo hiểm y tế"", ""El Nino"", ""Ethanol"", ""Iran"", ""Mỹ"", ""G7"", ""Trung Quốc""]",News & Politics,vi,,True,hd,False,rectangular,public,False,[],passed_all_criteria,,Những nội dung trong bản tin: - Cầu siêu Liệt sĩ tại công viên Lê Thị Riêng - Tôn vinh những Người hiến máu trên toàn thế giới - Cho đi để sự sống ở l
xwqvX1Z-A9I,Tăng mạnh lượng khách du lịch dùng phương tiện công cộng | VTV24,VTV24,https://www.youtube.com/watch?v=xwqvX1Z-A9I,2026-06-14T00:00:00Z,2m 40s,160,3532,21,0,0.59,Tang_manh_luong_khach_du_lich_dung_phuong_tien_cong_cong_VTV24.wav,,,,,completed,159.974,1,SPEAKER_00,21,,"[""Tiếng VI-ORIG""]",,0.0,0.0,0.0,,,0.0,,"[""tin tức"", ""vtv24"", ""tin tức vtv"", ""thời sự vtv"", ""thời sự vtv24"", ""tin tức trong ngày"", ""chuyển động 24h"", ""tintuc"", ""tin tuc"", ""du lịch"", ""phương tiện công cộng"", ""tàu hỏa"", ""xe khách"", ""vận tải công cộng""]",News & Politics,vi,,True,hd,False,rectangular,public,False,[],passed_all_criteria,,"Ngay từ đầu kỳ nghỉ hè, lượng hành khách sử dụng tàu hỏa và xe khách trên các tuyến du lịch đã tăng mạnh. Điều đáng chú ý không nằm ở con số tăng trưở"
RK2HDazyPmM,Trân trọng ký ức lịch sử | VTV24,VTV24,https://www.youtube.com/watch?v=RK2HDazyPmM,2026-06-14T00:00:00Z,2m 43s,163,1198,16,0,1.34,Tran_trong_ky_uc_lich_su_VTV24.wav,,,,,completed,163.413,1,SPEAKER_00,26,,"[""Tiếng VI-ORIG""]",,0.0,0.0,0.0,,,0.0,,"[""tin tức"", ""vtv24"", ""tin tức vtv"", ""thời sự vtv"", ""thời sự vtv24"", ""tin tức trong ngày"", ""chuyển động 24h"", ""tintuc"", ""tin tuc"", ""lịch sử"", ""ký ức"", ""hiện vật"", ""sưu tầm"", ""người trẻ""]",News & Politics,vi,,True,hd,False,rectangular,public,False,[],passed_all_criteria,,"Giữa nhịp sống hối hả và hiện đại, có những bạn trẻ nuôi đam mê sưu tầm những món đồ quân nhu và những kỷ vật chiến tranh - những hiện vật lặng lẽ man"
pCzdD67gNi0,Cho đi để sự sống ở lại | VTV24,VTV24,https://www.youtube.com/watch?v=pCzdD67gNi0,2026-06-14T00:00:00Z,2m 7s,127,4379,53,0,1.21,Cho_đi_đe_su_song_o_lai_VTV24.wav,,,,,completed,126.528,1,SPEAKER_00,16,,"[""Tiếng VI-ORIG""]",,0.0,0.0,0.0,,,0.0,,"[""tin tức"", ""vtv24"", ""tin tức vtv"", ""thời sự vtv"", ""thời sự vtv24"", ""tin tức trong ngày"", ""chuyển động 24h"", ""tintuc"", ""tin tuc"", ""Ngày Quốc tế Người hiến máu"", ""Hiến máu"", ""cứu người""]",News & Politics,vi,,True,hd,False,rectangular,public,False,[],passed_all_criteria,,"Hôm nay (14/6) là Ngày Quốc tế Người hiến máu. Với chủ đề: ‘Một giọt nhân ái - Hiến máu, cứu người’ chiến dịch năm nay Tổ chức Y tế Thế giới nhấn mạnh"
f9mwQVmMTaI,Quảng Ngãi: Bắt đầu khai quật tìm mộ Liệt sĩ tập thể | VTV24,VTV24,https://www.youtube.com/watch?v=f9mwQVmMTaI,2026-06-14T00:00:00Z,3m 14s,194,8370,42,0,0.5,Quang_Ngai_Bat_đau_khai_quat_tim_mo_Liet_si_tap_the_VTV24.wav,,,,,completed,194.281,1,SPEAKER_00,20,,"[""Tiếng VI-ORIG""]",,0.0,0.0,0.0,,,0.0,,"[""tin tức"", ""vtv24"", ""tin tức vtv"", ""thời sự vtv"", ""thời sự vtv24"", ""tin tức trong ngày"", ""chuyển động 24h"", ""tintuc"", ""tin tuc"", ""Chiến dịch 500 ngày đêm"", ""khai quật"", ""mộ Liệt sĩ"", ""Quảng Ngãi""]",News & Politics,vi,,True,hd,False,rectangular,public,False,[],passed_all_criteria,,"Hôm nay (14/6), Bộ Chỉ huy quân sự tỉnh Quảng Ngãi bắt đầu khai quật thăm dò tại đường Trường Chinh, thuộc phường Kon Tum và Đăk Cấm.  Nhiều dữ liệu c"
bzTZvMIL0kA,Thế giới toàn cảnh 14/6: Lạm phát tăng tại một số nền kinh tế châu Âu | VTV24,VTV24,https://www.youtube.com/watch?v=bzTZvMIL0kA,2026-06-14T00:00:00Z,10m 54s,654,13778,89,0,0.65,The_gioi_toan_canh_14_6_Lam_phat_tang_tai_mot_so_nen_kinh_te_chau_Au_VTV24.wav,,,,,completed,653.502,1,SPEAKER_00,86,,"[""Tiếng VI-ORIG""]",,0.0,0.0,0.0,,,0.0,,"[""tin tức"", ""vtv24"", ""tin tức vtv"", ""thời sự vtv"", ""thời sự vtv24"", ""tin tức trong ngày"", ""chuyển động 24h"", ""tintuc"", ""tin tuc"", ""-\tLạm phát"", ""châu Âu"", ""EU"", ""Thái Lan"", ""OPENAI"", ""Mỹ"", ""HIV/AIDS"", ""Trung Quốc""]",News & Politics,vi,,True,hd,False,rectangular,public,False,[],passed_all_criteria,,Những nội dung trong bản tin: - Mỹ - Iran cận kề thỏa thuận hòa bình - Israel tiếp tục không kích Li Băng - Lạm phát tăng tại một số nền kinh tế châu 
6GoP73xnwD4,Lỗ hổng quản lý để khai thác cát trái phép | VTV24,VTV24,https://www.youtube.com/watch?v=6GoP73xnwD4,2026-06-14T00:00:00Z,3m 30s,210,7248,39,0,0.54,Lo_hong_quan_ly_đe_khai_thac_cat_trai_phep_VTV24.wav,,,,,completed,209.966,1,SPEAKER_00,35,,"[""Tiếng VI-ORIG""]",,0.0,0.0,0.0,,,0.0,,"[""tin tức"", ""vtv24"", ""tin tức vtv"", ""thời sự vtv"", ""thời sự vtv24"", ""tin tức trong ngày"", ""chuyển động 24h"", ""tintuc"", ""tin tuc"", ""Lỗ hổng quản lý"", ""khai thác cát"", ""trái phép"", ""Hà Nội""]",News & Politics,vi,,True,hd,False,rectangular,public,False,[],passed_all_criteria,,"Một đường dây khai thác cát trái phép quy mô lớn vừa bị Phòng Cảnh sát Kinh tế, Công an Thành phố Hà Nội triệt phá. Theo cơ quan điều tra, nhóm đối tư"
Wf4WzSmzsVk,"Thời tiết ngày 14/6: Bắc Bộ, cao nguyên Trung Bộ và Nam Bộ chiều tối mưa giông | VTV24",VTV24,https://www.youtube.com/watch?v=Wf4WzSmzsVk,2026-06-14T00:00:00Z,2m 53s,173,61205,121,0,0.2,Thoi_tiet_ngay_14_6_Bac_Bo_cao_nguyen_Trung_Bo_va_Nam_Bo_chieu_toi_mua_giong_VTV24.wav,,,,,completed,172.455,1,SPEAKER_00,30,,"[""Tiếng VI-ORIG""]",,0.0,0.0,0.0,,,0.0,,"[""tin tức"", ""vtv24"", ""tin tức vtv"", ""thời sự vtv"", ""thời sự vtv24"", ""tin tức trong ngày"", ""chuyển động 24h"", ""tintuc"", ""tin tuc"", ""Dự báo thời tiết"", ""Thời tiết hôm nay""]",News & Politics,vi,,True,hd,False,rectangular,public,False,[],passed_all_criteria,,"Từ chiều tối nay, một rãnh áp thấp từ phía Bắc dịch xuống, kết hợp với hội tụ gió trên cao hoạt động mạnh, khiến Bắc Bộ chuyển sang mưa giông diện rộn"
5OYwq-wsN6Q,"Xem quá nhiều video ngắn, bạn có thể bị ""não bỏng ngô"" | VTV24",VTV24,https://www.youtube.com/watch?v=5OYwq-wsN6Q,2026-06-13T00:00:00Z,8m 6s,486,20760,384,0,1.85,Xem_qua_nhieu_video_ngan_ban_co_the_bi_nao_bong_ngo_VTV24.wav,,,,,completed,485.518,1,SPEAKER_00,69,,"[""Tiếng VI-ORIG""]",,0.0,0.0,0.0,,,0.0,,"[""tin tức"", ""vtv24"", ""tin tức vtv"", ""thời sự vtv"", ""thời sự vtv24"", ""tin tức trong ngày"", ""chuyển động 24h"", ""tintuc"", ""tin tuc""]",News & Politics,vi,,True,hd,False,rectangular,public,False,[],passed_all_criteria,,"""Não bỏng ngô"" là thuật ngữ được các nhà nghiên cứu mô tả tình trạng não bộ quen với các kích thích nhanh, dẫn tới suy giảm khả năng tập trung, ghi nh"
qrAtDabMbzk,Dữ liệu ADN: Hy vọng của những cuộc đoàn tụ | VTV24,VTV24,https://www.youtube.com/watch?v=qrAtDabMbzk,2026-06-13T00:00:00Z,3m 22s,202,990,19,0,1.92,Du_lieu_ADN_Hy_vong_cua_nhung_cuoc_đoan_tu_VTV24.wav,,,,,completed,201.642,1,SPEAKER_00,28,,"[""Tiếng VI-ORIG""]",,0.0,0.0,0.0,,,0.0,,"[""tin tức"", ""vtv24"", ""tin tức vtv"", ""thời sự vtv"", ""thời sự vtv24"", ""tin tức trong ngày"", ""chuyển động 24h"", ""tintuc"", ""tin tuc""]",News & Politics,vi,,True,hd,False,rectangular,public,False,[],passed_all_criteria,,"Một nấm mộ có tên, một nơi thờ tự rõ ràng không chỉ giúp người thân nguôi ngoai mà còn giúp cộng đồng thể hiện sự tri ân với người đã hy sinh. Việc đẩ"
jUe0rYvXYCg,"Xe máy chở thuốc lá lậu, ""hung thần"" trên quốc lộ | VTV24",VTV24,https://www.youtube.com/watch?v=jUe0rYvXYCg,2026-06-13T00:00:00Z,2m 3s,123,4482,44,0,0.98,Xe_may_cho_thuoc_la_lau_hung_than_tren_quoc_lo_VTV24.wav,,,,,completed,123.437,1,SPEAKER_00,15,,"[""Tiếng VI-ORIG""]",,0.0,0.0,0.0,,,0.0,,"[""tin tức"", ""vtv24"", ""tin tức vtv"", ""thời sự vtv"", ""thời sự vtv24"", ""tin tức trong ngày"", ""chuyển động 24h"", ""tintuc"", ""tin tuc""]",News & Politics,vi,,True,hd,False,rectangular,public,False,[],passed_all_criteria,,"Đêm xuống, trên các tuyến quốc lộ vùng biên giới Tây Nam, những chiếc xe máy chở thuốc lá lậu lao vào nội địa. Điểm chung của các chiếc xe này là khôn"
REPupWjudPQ,"World Cup 2026: Reyna dứt điểm điệu nghệ, ấn định chiến thắng 4-1 của Mỹ trước Paraguay | VTV24",VTV24,https://www.youtube.com/watch?v=REPupWjudPQ,2026-06-13T00:00:00Z,1m 0s,60,22283,35,0,0.16,World_Cup_2026_Reyna_dut_điem_đieu_nghe_an_đinh_chien_thang_4-1_cua_My_truoc_Paraguay_VTV24.wav,,,,,completed,59.968,1,SPEAKER_00,7,,"[""Tiếng VI-ORIG""]",,0.0,0.0,0.0,,,0.0,,"[""tin tức"", ""vtv24"", ""tin tức vtv"", ""thời sự vtv"", ""thời sự vtv24"", ""tin tức trong ngày"", ""chuyển động 24h"", ""tintuc"", ""tin tuc"", ""Reyna"", ""Mỹ"", ""Paraguay"", ""World Cup"", ""2026"", ""bàn thắng"", ""dứt điểm"", ""điệu nghệ"", ""ấn định"", ""tỷ số"", ""hủy diệt"", ""VTV24"", ""Gio Reyna ghi bàn Paraguay"", ""Reyna dứt điểm điệu nghệ World Cup"", ""ĐT Mỹ đè bẹp Paraguay 4-1"", ""bàn thắng ấn định tỷ số của Reyna"", ""kết quả bóng đá Mỹ vs Paraguay"", ""ngôi sao Dortmund tỏa sáng tuyển Mỹ"", ""thể thao VTV24""]",News & Politics,vi,,True,hd,False,rectangular,public,False,[],passed_all_criteria,,"World Cup 2026: Reyna dứt điểm điệu nghệ, ấn định chiến thắng 4-1 của Mỹ trước Paraguay. ---------- Ứng dụng VTVgo Android: https://bit.ly/305aQLs "
LPFWGkt9kQA,"Word Cup 2026: Hàng phòng thủ Mỹ mắc sai lầm, Mauricio tung cú sút rút ngắn tỷ số 1-3 cho Paraguay",VTV24,https://www.youtube.com/watch?v=LPFWGkt9kQA,2026-06-13T00:00:00Z,52s,52,6619,23,0,0.35,Word_Cup_2026_Hang_phong_thu_My_mac_sai_lam_Mauricio_tung_cu_sut_rut_ngan_ty_so_1-3_cho_Paraguay.wav,,,,,completed,51.776,1,SPEAKER_00,7,,"[""Tiếng VI-ORIG""]",,0.0,0.0,0.0,,,0.0,,"[""tin tức"", ""vtv24"", ""tin tức vtv"", ""thời sự vtv"", ""thời sự vtv24"", ""tin tức trong ngày"", ""chuyển động 24h"", ""tintuc"", ""tin tuc"", ""Mauricio"", ""Paraguay"", ""Mỹ"", ""World Cup"", ""2026"", ""sai lầm"", ""phòng thủ"", ""rút ngắn"", ""tỷ số"", ""sút xa"", ""VTV24"", ""Mauricio ghi bàn vào lưới ĐT Mỹ"", ""hàng thủ Mỹ mắc sai lầm nghiêm trọng"", ""Paraguay rút ngắn tỷ số 1-3"", ""cú sút đẳng cấp của Mauricio"", ""diễn biến trận đấu Mỹ vs Paraguay"", ""sai lầm phòng ngự đội tuyển Mỹ"", ""thể thao VTV24""]",News & Politics,vi,,True,hd,False,rectangular,public,False,[],passed_all_criteria,,"Word Cup 2026: Hàng phòng thủ Mỹ mắc sai lầm, Mauricio tung cú sút rút ngắn tỷ số 1-3 cho Paraguay. ---------- Ứng dụng VTVgo Android: https://bit."
FEcrKOMRKGk,World Cup 2026: Balogun càn lướt qua hai cầu thủ Paraguay ghi bàn nâng tỷ số lên 3-0 cho Mỹ | VTV24,VTV24,https://www.youtube.com/watch?v=FEcrKOMRKGk,2026-06-13T00:00:00Z,59s,59,5578,46,0,0.82,World_Cup_2026_Balogun_can_luot_qua_hai_cau_thu_Paraguay_ghi_ban_nang_ty_so_len_3-0_cho_My_VTV24.wav,,,,,completed,58.731,1,SPEAKER_00,8,,"[""Tiếng VI-ORIG""]",,0.0,0.0,0.0,,,0.0,,"[""tin tức"", ""vtv24"", ""tin tức vtv"", ""thời sự vtv"", ""thời sự vtv24"", ""tin tức trong ngày"", ""chuyển động 24h"", ""tintuc"", ""tin tuc"", ""Balogun"", ""Mỹ"", ""Paraguay"", ""World Cup"", ""2026"", ""bàn thắng"", ""càn lướt"", ""độc diễn"", ""tỳ đè"", ""nâng tỷ số"", ""VTV24"", ""Folarin Balogun ghi bàn nâng tỷ số 3-0"", ""Balogun solo ghi bàn Paraguay"", ""siêu phẩm càn lướt của Balogun"", ""tiền đạo Mỹ đè bẹp Paraguay"", ""cú đúp đẳng cấp của Balogun"", ""diễn biến trận đấu Mỹ vs Paraguay"", ""thể thao VTV24""]",News & Politics,vi,,True,hd,False,rectangular,public,False,[],passed_all_criteria,,World Cup 2026: Balogun càn lướt qua hai cầu thủ Paraguay ghi bàn nâng tỷ số lên 3-0 cho Mỹ. ---------- Ứng dụng VTVgo Android: https://bit.ly/305a
gmZiE4KSEoY,"World Cup 2026: Balogun ghi bàn, Mỹ dẫn trước Paraguay 2 - 0 | VTV24",VTV24,https://www.youtube.com/watch?v=gmZiE4KSEoY,2026-06-13T00:00:00Z,56s,56,3871,26,0,0.67,World_Cup_2026_Balogun_ghi_ban_My_dan_truoc_Paraguay_2_-_0_VTV24.wav,,,,,completed,55.851,1,SPEAKER_00,7,,"[""Tiếng VI-ORIG""]",,0.0,0.0,0.0,,,0.0,,"[""tin tức"", ""vtv24"", ""tin tức vtv"", ""thời sự vtv"", ""thời sự vtv24"", ""tin tức trong ngày"", ""chuyển động 24h"", ""tintuc"", ""tin tuc"", ""Balogun"", ""Mỹ"", ""Paraguay"", ""World Cup"", ""2026"", ""bàn thắng"", ""nhân đôi"", ""cách biệt"", ""tiền đạo"", ""bảng đấu"", ""VTV24"", ""Folarin Balogun ghi bàn Paraguay"", ""Mỹ nhân đôi cách biệt Balogun"", ""bàn thắng đẳng cấp của Balogun"", ""kết quả bóng đá Mỹ vs Paraguay"", ""ngôi sao tuyển Mỹ tỏa sáng"", ""video bàn thắng Folarin Balogun"", ""thể thao VTV24""]",News & Politics,vi,,True,hd,False,rectangular,public,False,[],passed_all_criteria,,"Từ đường chuyền ở cánh trái của Pulisic, Folarin Balogun đã đặt lòng tung lưới Paraguay. 2-0 cho Mỹ. ---------- Ứng dụng VTVgo Android: https://bit"
AN4TdnqkSPY,Bàn phản lưới đầu tiên của World Cup 2026 trong trận Mỹ vs Paraquay | VTV24,VTV24,https://www.youtube.com/watch?v=AN4TdnqkSPY,2026-06-13T00:00:00Z,53s,53,9991,35,0,0.35,Ban_phan_luoi_đau_tien_cua_World_Cup_2026_trong_tran_My_vs_Paraquay_VTV24.wav,,,,,completed,52.565,1,SPEAKER_00,6,,"[""Tiếng VI-ORIG""]",,0.0,0.0,0.0,,,0.0,,"[""tin tức"", ""vtv24"", ""tin tức vtv"", ""thời sự vtv"", ""thời sự vtv24"", ""tin tức trong ngày"", ""chuyển động 24h"", ""tintuc"", ""tin tuc"", ""Mỹ"", ""Paraguay"", ""World Cup"", ""2026"", ""phản lưới"", ""bàn thua"", ""bảng đấu"", ""sai lầm"", ""phản lưới nhà"", ""VTV24"", ""bàn phản lưới đầu tiên World Cup 2026"", ""diễn biến trận đấu Mỹ vs Paraguay"", ""sai lầm tai hại phản lưới nhà"", ""kết quả bóng đá Mỹ Paraguay"", ""khoảnh khắc đáng tiếc World Cup"", ""video bàn thắng phản lưới nhà"", ""thể thao VTV24""]",News & Politics,vi,,True,hd,False,rectangular,public,False,[],passed_all_criteria,,Mỹ vs Paraguay: Bàn phản lưới đầu tiên của World Cup 2026. ---------- Ứng dụng VTVgo Android: https://bit.ly/305aQLs iOS: https://apple.co/3g8yMTS 
rZkw2_51i4o,"Thời sự toàn cảnh ngày 13/6: Bắt nhóm người lập ""đại bản doanh"" lừa đảo tại TP. Hồ Chí Minh | VTV24",VTV24,https://www.youtube.com/watch?v=rZkw2_51i4o,2026-06-13T00:00:00Z,39m 20s,2360,28811,163,0,0.57,Thoi_su_toan_canh_ngay_13_6_Bat_nhom_nguoi_lap_đai_ban_doanh_lua_đao_tai_TP_Ho_Chi_Minh_VTV24.wav,,,,,completed,2360.413,1,SPEAKER_00,313,,"[""Tiếng VI-ORIG""]",,0.0,0.0,0.0,,,0.0,,"[""tin tức"", ""vtv24"", ""tin tức vtv"", ""thời sự vtv"", ""thời sự vtv24"", ""tin tức trong ngày"", ""chuyển động 24h"", ""tintuc"", ""tin tuc""]",News & Politics,vi,,True,hd,False,rectangular,public,False,[],passed_all_criteria,,"- Thủ tướng Lê Minh Hưng: “Quyết tâm thực hiện thắng lợi mục tiêu tăng trưởng bền vững 2 con số giai đoạn 2026-2030"".  - Hà Nội tổng kiểm tra các điểm"
ziTFS8XxS_Q,Mỹ tiêu diệt trùm băng đảng khét tiếng tại Venezuela | Cụm tin | VTV24,VTV24,https://www.youtube.com/watch?v=ziTFS8XxS_Q,2026-06-13T00:00:00Z,9m 5s,545,28324,79,0,0.28,My_tieu_diet_trum_bang_đang_khet_tieng_tai_Venezuela_Cum_tin_VTV24.wav,,,,,completed,544.612,1,SPEAKER_00,79,,"[""Tiếng VI-ORIG""]",,0.0,0.0,0.0,,,0.0,,"[""tin tức"", ""vtv24"", ""tin tức vtv"", ""thời sự vtv"", ""thời sự vtv24"", ""tin tức trong ngày"", ""chuyển động 24h"", ""tintuc"", ""tin tuc""]",News & Politics,vi,,True,hd,False,rectangular,public,False,[],passed_all_criteria,,Những nội dung trong cụm tin: - Mỹ tiêu diệt trùm băng đảng khét tiếng tại Venezuela - El Nino đe dọa mùa màng tại Ấn Độ - Tỷ phú nghìn tỷ USD đầu tiê
tOwUT1hl6Oo,World Cup đã trở nên “chặt chém” như thế nào sau 20 năm? | VTV24,VTV24,https://www.youtube.com/watch?v=tOwUT1hl6Oo,2026-06-13T00:00:00Z,23m 56s,1436,75027,1197,0,1.6,World_Cup_đa_tro_nen_chat_chem_nhu_the_nao_sau_20_nam_VTV24.wav,,,,,completed,1435.562,1,SPEAKER_00,249,,"[""Tiếng VI-ORIG""]",,0.0,0.0,0.0,,,0.0,,"[""tin tức"", ""vtv24"", ""tin tức vtv"", ""thời sự vtv"", ""thời sự vtv24"", ""tin tức trong ngày"", ""chuyển động 24h"", ""tintuc"", ""tin tuc""]",News & Politics,vi,,True,hd,False,rectangular,public,False,[],passed_all_criteria,,---------- Ứng dụng VTVgo Android: https://bit.ly/305aQLs iOS: https://apple.co/3g8yMTS hoặc xem trực tiếp trên https://vtvgo.vn/  Báo điẹ
hJMrqTOQh34,Cận cảnh quá trình đại tu tăng hạn tiêm kích Su-30MK2 ngay tại Việt Nam | VTV24,VTV24,https://www.youtube.com/watch?v=hJMrqTOQh34,2026-06-13T00:00:00Z,8m 9s,489,65703,526,0,0.8,Can_canh_qua_trinh_đai_tu_tang_han_tiem_kich_Su-30MK2_ngay_tai_Viet_Nam_VTV24.wav,,,,,completed,488.559,1,SPEAKER_00,56,,"[""Tiếng VI-ORIG""]",,0.0,0.0,0.0,,,0.0,,"[""tin tức"", ""vtv24"", ""tin tức vtv"", ""thời sự vtv"", ""thời sự vtv24"", ""tin tức trong ngày"", ""chuyển động 24h"", ""tintuc"", ""tin tuc""]",News & Politics,vi,,True,hd,False,rectangular,public,False,[],passed_all_criteria,,"Các kỹ sư và công nhân kỹ thuật Việt Nam tại Nhà máy A32 đã làm chủ hoàn toàn công nghệ sửa chữa, đại tu và tăng tổng niên hạn sử dụng cho tiêm kích S"
IVQ5_3kd3Hg,Chuyển động 24h ngày 13/6: Việt Nam làm chủ công nghệ đại tu tiêm kích Su-30MK2 | VTV24,VTV24,https://www.youtube.com/watch?v=IVQ5_3kd3Hg,2026-06-13T00:00:00Z,27m 6s,1626,9255,72,0,0.78,Chuyen_đong_24h_ngay_13_6_Viet_Nam_lam_chu_cong_nghe_đai_tu_tiem_kich_Su-30MK2_VTV24.wav,,,,,completed,1626.43,1,SPEAKER_00,213,,"[""Tiếng VI-ORIG""]",,0.0,0.0,0.0,,,0.0,,"[""tin tức"", ""vtv24"", ""tin tức vtv"", ""thời sự vtv"", ""thời sự vtv24"", ""tin tức trong ngày"", ""chuyển động 24h"", ""tintuc"", ""tin tuc""]",News & Politics,vi,,True,hd,False,rectangular,public,False,[],passed_all_criteria,,"Nếu như trước đây, mỗi khi đến kỳ đại tu, những chiếc tiêm kích Su-30MK2 đều phải tháo rời để gửi ra nước ngoài, thì nay toàn bộ quy trình phức tạp đã"
3UNrkEYdOZo,World Cup 2026: Bosnia & Herzegovina thoát thua ở những phút bù giờ cuối cùng | VTV24,VTV24,https://www.youtube.com/watch?v=3UNrkEYdOZo,2026-06-13T00:00:00Z,48s,48,20776,38,0,0.18,World_Cup_2026_Bosnia_Herzegovina_thoat_thua_o_nhung_phut_bu_gio_cuoi_cung_VTV24.wav,,,,,completed,47.979,1,SPEAKER_00,6,,"[""Tiếng VI-ORIG""]",,0.0,0.0,0.0,,,0.0,,"[""tin tức"", ""vtv24"", ""tin tức vtv"", ""thời sự vtv"", ""thời sự vtv24"", ""tin tức trong ngày"", ""chuyển động 24h"", ""tintuc"", ""tin tuc"", ""world cup 2026"", ""canada vs bosnia"", ""kết quả bóng đá"", ""trực tiếp world cup"", ""bảng b world cup"", ""highlights trận đấu"", ""video bàn thắng"", ""bóng đá world cup"", ""nhan dinh bóng đá"", ""canada bóng đá"", ""bosnia bóng đá"", ""vtv trực tiếp"", ""chủ nhà canada"", ""jonathan david"", ""edin dzeko"", ""highlight bóng đá""]",News & Politics,vi,,True,hd,False,rectangular,public,False,[],passed_all_criteria,,World Cup 2026: Kịch tính được đẩy lên ở những phút bù giờ cuối cùng khi Richie Laryea một lần nữa trở thành tâm điểm với đường chuyền thuận lợi vào t
Z-vsMY-u03E,"World Cup 2026: Vừa vào sân, Larin gỡ hoà cho Canada với pha xử lý đẳng cấp trong vòng cấm | VTV24",VTV24,https://www.youtube.com/watch?v=Z-vsMY-u03E,2026-06-13T00:00:00Z,59s,59,9352,41,0,0.44,World_Cup_2026_Vua_vao_san_Larin_go_hoa_cho_Canada_voi_pha_xu_ly_đang_cap_trong_vong_cam_VTV24.wav,,,,,completed,58.645,1,SPEAKER_00,14,,"[""Tiếng VI-ORIG""]",,0.0,0.0,0.0,,,0.0,,"[""tin tức"", ""vtv24"", ""tin tức vtv"", ""thời sự vtv"", ""thời sự vtv24"", ""tin tức trong ngày"", ""chuyển động 24h"", ""tintuc"", ""tin tuc"", ""world cup 2026"", ""canada vs bosnia"", ""kết quả bóng đá"", ""trực tiếp world cup"", ""bảng b world cup"", ""highlights trận đấu"", ""video bàn thắng"", ""bóng đá world cup"", ""nhan dinh bóng đá"", ""canada bóng đá"", ""bosnia bóng đá"", ""vtv trực tiếp"", ""chủ nhà canada"", ""jonathan david"", ""edin dzeko"", ""highlight bóng đá""]",News & Politics,vi,,True,hd,False,rectangular,public,False,[],passed_all_criteria,,World Cup 2026: Tiền đạo kỳ cựu Cyle Larin gỡ hoà cho Canada với pha xử lý đẳng cấp trong vòng cấm ---------- Ứng dụng VTVgo Android: https://bit.l
h146ijFCOJ4,World Cup 2026: Hậu vệ Sead Kolasinac có tình huống phá bóng ngay trên vạch vôi | VTV24,VTV24,https://www.youtube.com/watch?v=h146ijFCOJ4,2026-06-13T00:00:00Z,1m 0s,60,9186,32,0,0.35,World_Cup_2026_Hau_ve_Sead_Kolasinac_co_tinh_huong_pha_bong_ngay_tren_vach_voi_VTV24.wav,,,,,completed,59.776,1,SPEAKER_00,10,,"[""Tiếng VI-ORIG""]",,0.0,0.0,0.0,,,0.0,,"[""tin tức"", ""vtv24"", ""tin tức vtv"", ""thời sự vtv"", ""thời sự vtv24"", ""tin tức trong ngày"", ""chuyển động 24h"", ""tintuc"", ""tin tuc"", ""world cup 2026"", ""canada vs bosnia"", ""kết quả bóng đá"", ""trực tiếp world cup"", ""bảng b world cup"", ""highlights trận đấu"", ""video bàn thắng"", ""bóng đá world cup"", ""nhan dinh bóng đá"", ""canada bóng đá"", ""bosnia bóng đá"", ""vtv trực tiếp"", ""chủ nhà canada"", ""jonathan david"", ""edin dzeko"", ""highlight bóng đá""]",News & Politics,vi,,True,hd,False,rectangular,public,False,[],passed_all_criteria,,"World Cup 2026: Cựu hậu vệ của Arsenal Sead Kolasinac có tình huống phá bóng ngay trên vạch vôi vô cùng ấn tượng, qua đó cứu cho Bosnia & Herzegovina "
8oaKcQAKEDo,World Cup 2026: Jovo Lukic đánh đầu ghi bàn mở tỉ số sau tình huống phạt góc | VTV24,VTV24,https://www.youtube.com/watch?v=8oaKcQAKEDo,2026-06-13T00:00:00Z,57s,57,7915,25,0,0.32,World_Cup_2026_Jovo_Lukic_đanh_đau_ghi_ban_mo_ti_so_sau_tinh_huong_phat_goc_VTV24.wav,,,,,completed,57.003,1,SPEAKER_00,12,,"[""Tiếng VI-ORIG""]",,0.0,0.0,0.0,,,0.0,,"[""tin tức"", ""vtv24"", ""tin tức vtv"", ""thời sự vtv"", ""thời sự vtv24"", ""tin tức trong ngày"", ""chuyển động 24h"", ""tintuc"", ""tin tuc"", ""world cup 2026"", ""canada vs bosnia"", ""kết quả bóng đá"", ""trực tiếp world cup"", ""bảng b world cup"", ""highlights trận đấu"", ""video bàn thắng"", ""bóng đá world cup"", ""nhan dinh bóng đá"", ""canada bóng đá"", ""bosnia bóng đá"", ""vtv trực tiếp"", ""chủ nhà canada"", ""jonathan david"", ""edin dzeko"", ""highlight bóng đá""]",News & Politics,vi,,True,hd,False,rectangular,public,False,[],passed_all_criteria,,"World Cup 2026: Bosnia-Herzegovina là đội mở tỉ số ở phút 21. Tiền đạo Jovo Lukic đánh đầu ghi bàn sau tình huống phạt góc, trong ngày được xếp đá chí"
JHp3pZuLCEM,"Khởi tố các đối tượng buôn bán hơn 15 tấn yến giả, quảng cáo chứa 70% tổ yến | Cụm tin | VTV24",VTV24,https://www.youtube.com/watch?v=JHp3pZuLCEM,2026-06-13T00:00:00Z,2m 34s,154,7698,36,0,0.47,Khoi_to_cac_đoi_tuong_buon_ban_hon_15_tan_yen_gia_quang_cao_chua_70_to_yen_Cum_tin_VTV24.wav,,,,,completed,153.809,1,SPEAKER_00,24,,"[""Tiếng VI-ORIG""]",,0.0,0.0,0.0,,,0.0,,"[""tin tức"", ""vtv24"", ""tin tức vtv"", ""thời sự vtv"", ""thời sự vtv24"", ""tin tức trong ngày"", ""chuyển động 24h"", ""tintuc"", ""tin tuc""]",News & Politics,vi,,True,hd,False,rectangular,public,False,[],passed_all_criteria,,Những nội dung trong Cụm tin: - Triệt phá đường dây buôn bán yến giả trên phạm vi toàn quốc - Công an tỉnh Đắk Lắk chỉ đạo điều tra làm rõ vụ nghi kha
0BJMIWJEWX8,Ông trùm lừa đảo Nhật Bản chính thức bị bắt | VTV24,VTV24,https://www.youtube.com/watch?v=0BJMIWJEWX8,2026-06-13T00:00:00Z,7m 5s,425,39524,211,0,0.53,Ong_trum_lua_đao_Nhat_Ban_chinh_thuc_bi_bat_VTV24.wav,,,,,completed,425.424,1,SPEAKER_00,51,,"[""Tiếng VI-ORIG""]",,0.0,0.0,0.0,,,0.0,,"[""tin tức"", ""vtv24"", ""tin tức vtv"", ""thời sự vtv"", ""thời sự vtv24"", ""tin tức trong ngày"", ""chuyển động 24h"", ""tintuc"", ""tin tuc"", ""lừa đảo"", ""bẫy"", ""vtv bẫy"", ""campuchia""]",News & Politics,vi,,True,hd,False,rectangular,public,False,[],passed_all_criteria,,"Nghi phạm sống tại Bangkok, điều hành một nhóm người Nhật tại Campuchia và nhắm mục tiêu vào các nạn nhân ở Nhật Bản. Vụ việc không chỉ là câu chuyện "
aqeC5eAfmOs,Mỹ yêu cầu Anthropic ngăn người nước ngoài truy cập các mô hình A.I | Cụm tin | VTV24,VTV24,https://www.youtube.com/watch?v=aqeC5eAfmOs,2026-06-13T00:00:00Z,5m 47s,347,4112,33,0,0.8,My_yeu_cau_Anthropic_ngan_nguoi_nuoc_ngoai_truy_cap_cac_mo_hinh_A_I_Cum_tin_VTV24.wav,,,,,completed,346.674,1,SPEAKER_00,41,,"[""Tiếng VI-ORIG""]",,0.0,0.0,0.0,,,0.0,,"[""tin tức"", ""vtv24"", ""tin tức vtv"", ""thời sự vtv"", ""thời sự vtv24"", ""tin tức trong ngày"", ""chuyển động 24h"", ""tintuc"", ""tin tuc""]",News & Politics,vi,,True,hd,False,rectangular,public,False,[],passed_all_criteria,,Những nội dung trong Cụm tin: - ILO thông qua hiệp ước lịch sử bảo vệ lao động thời đại số - Mỹ yêu cầu Anthropic ngừng cung cấp quyền truy cập các mô
QzYTpBDRxso,Câu chuyện về phóng viên quốc tế tác nghiệp tại lễ khai mạc World Cup 2026 | VTV24,VTV24,https://www.youtube.com/watch?v=QzYTpBDRxso,2026-06-13T00:00:00Z,1m 40s,100,3030,29,0,0.96,Cau_chuyen_ve_phong_vien_quoc_te_tac_nghiep_tai_le_khai_mac_World_Cup_2026_VTV24.wav,,,,,completed,99.66,1,SPEAKER_00,18,,"[""Tiếng VI-ORIG""]",,0.0,0.0,0.0,,,0.0,,"[""tin tức"", ""vtv24"", ""tin tức vtv"", ""thời sự vtv"", ""thời sự vtv24"", ""tin tức trong ngày"", ""chuyển động 24h"", ""tintuc"", ""tin tuc""]",News & Politics,vi,,True,hd,False,rectangular,public,False,[],passed_all_criteria,,Ngày khai màn World Cup 2026 cũng là thời điểm các phóng viên từ khắp nơi trên thế giới bắt đầu guồng quay tác nghiệp kéo dài hơn một tháng. Kỳ World 
ryLqor0qpZ0,Thời sự toàn cảnh trưa 13/6: Công ước quốc tế bảo vệ người lao động trên nền tảng số | VTV24,VTV24,https://www.youtube.com/watch?v=ryLqor0qpZ0,2026-06-13T00:00:00Z,31m 19s,1879,21674,113,0,0.52,Thoi_su_toan_canh_trua_13_6_Cong_uoc_quoc_te_bao_ve_nguoi_lao_đong_tren_nen_tang_so_VTV24.wav,,,,,completed,1879.226,1,SPEAKER_00,219,,"[""Tiếng VI-ORIG""]",,0.0,0.0,0.0,,,0.0,,"[""tin tức"", ""vtv24"", ""tin tức vtv"", ""thời sự vtv"", ""thời sự vtv24"", ""tin tức trong ngày"", ""chuyển động 24h"", ""tintuc"", ""tin tuc""]",News & Politics,vi,,True,hd,False,rectangular,public,False,[],passed_all_criteria,,Những nội dung trong bản tin: - Công an tỉnh Đắk Lắk chỉ đạo điều tra làm rõ vụ nghi khai thác vàng trái phép - Quảng Trị: Bắt vụ vận chuyển hàng nghì
WnEyFDZ2rZI,Vụ 81 người ngộ độc ở trường tiểu học tại Đồng Tháp: Phát hiện thức ăn nhiễm khuẩn | Cụm tin | VTV24,VTV24,https://www.youtube.com/watch?v=WnEyFDZ2rZI,2026-06-13T00:00:00Z,5m 38s,338,3181,30,0,0.94,Vu_81_nguoi_ngo_đoc_o_truong_tieu_hoc_tai_Đong_Thap_Phat_hien_thuc_an_nhiem_khuan_Cum_tin_VTV24.wav,,,,,completed,337.874,1,SPEAKER_00,50,,"[""Tiếng VI-ORIG""]",,0.0,0.0,0.0,,,0.0,,"[""tin tức"", ""vtv24"", ""tin tức vtv"", ""thời sự vtv"", ""thời sự vtv24"", ""tin tức trong ngày"", ""chuyển động 24h"", ""tintuc"", ""tin tuc""]",News & Politics,vi,,True,hd,False,rectangular,public,False,[],passed_all_criteria,,Những nội dung trong Cụm tin: - Vụ 81 người ngộ độc ở trường tiểu học tại Đồng Tháp: Phát hiện thức ăn nhiễm khuẩn - Phát hiện hàng chục tấn gạo giả t
wGledY57piw,Bộ Công an đề xuất: Người bán thực phẩm trên mạng xã hội phải xác thực danh tính | VTV24,VTV24,https://www.youtube.com/watch?v=wGledY57piw,2026-06-13T00:00:00Z,7m 49s,469,10313,95,0,0.92,Bo_Cong_an_đe_xuat_Nguoi_ban_thuc_pham_tren_mang_xa_hoi_phai_xac_thuc_danh_tinh_VTV24.wav,,,,,completed,469.136,1,SPEAKER_00,67,,"[""Tiếng VI-ORIG""]",,0.0,0.0,0.0,,,0.0,,"[""tin tức"", ""vtv24"", ""tin tức vtv"", ""thời sự vtv"", ""thời sự vtv24"", ""tin tức trong ngày"", ""chuyển động 24h"", ""tintuc"", ""tin tuc""]",News & Politics,vi,,True,hd,False,rectangular,public,False,[],passed_all_criteria,,Bộ Công an đề xuất bổ sung quy định xác thực danh tính người bán thực phẩm trên các sàn thương mại điện tử và mạng xã hội trong dự thảo Luật An toàn t
C4RIDM551Xk,Thế giới toàn cảnh ngày 13/6: Tỷ phú nghìn tỷ USD đầu tiên trên thế giới | VTV24,VTV24,https://www.youtube.com/watch?v=C4RIDM551Xk,2026-06-13T00:00:00Z,15m 1s,901,43732,212,0,0.48,The_gioi_toan_canh_ngay_13_6_Ty_phu_nghin_ty_USD_đau_tien_tren_the_gioi_VTV24.wav,,,,,completed,900.644,1,SPEAKER_00,113,,"[""Tiếng VI-ORIG""]",,0.0,0.0,0.0,,,0.0,,"[""tin tức"", ""vtv24"", ""tin tức vtv"", ""thời sự vtv"", ""thời sự vtv24"", ""tin tức trong ngày"", ""chuyển động 24h"", ""tintuc"", ""tin tuc""]",News & Politics,vi,,True,hd,False,rectangular,public,False,[],passed_all_criteria,,Những nội dung trong bản tin: - Cải trang thành linh vật World Cup để bắt tội phạm - Tỷ phú nghìn tỷ USD đầu tiên trên thế giới - Cửa hàng robot hình 
Qw4ZJfJK70k,"Thời tiết ngày 13/6: Bắc Bộ và Trung Bộ tiếp tục nắng nóng, phía Nam có mưa giông vào chiều",VTV24,https://www.youtube.com/watch?v=Qw4ZJfJK70k,2026-06-13T00:00:00Z,2m 37s,157,44609,66,0,0.15,Thoi_tiet_ngay_13_6_Bac_Bo_va_Trung_Bo_tiep_tuc_nang_nong_phia_Nam_co_mua_giong_vao_chieu.wav,,,,,completed,157.013,1,SPEAKER_00,30,,"[""Tiếng VI-ORIG""]",,0.0,0.0,0.0,,,0.0,,"[""tin tức"", ""vtv24"", ""tin tức vtv"", ""thời sự vtv"", ""thời sự vtv24"", ""tin tức trong ngày"", ""chuyển động 24h"", ""tintuc"", ""tin tuc""]",News & Politics,vi,,True,hd,False,rectangular,public,False,[],passed_all_criteria,,"Hôm nay (13/6) và ngày mai, nắng nóng vẫn bao trùm diện rộng ở Bắc Bộ và Trung Bộ. Vùng oi bức nhất tập trung ở khu vực trung du, đồng bằng Bắc Bộ và "
HLub2-kmYqg,HIGHLIGHTS Hàn Quốc 2-1 CH Czech: Hwang In-beom rực sáng giúp 'Mãnh hổ' ngược dòng | World Cup 2026,VTV24,https://www.youtube.com/watch?v=HLub2-kmYqg,2026-06-12T00:00:00Z,1m 55s,115,129389,315,0,0.24,HIGHLIGHTS_Han_Quoc_2-1_CH_Czech_Hwang_In-beom_ruc_sang_giup_Manh_ho_nguoc_dong_World_Cup_2026.wav,,,,,completed,115.12,1,SPEAKER_00,21,,"[""Tiếng VI-ORIG""]",,0.0,0.0,0.0,,,0.0,,"[""tin tức"", ""vtv24"", ""tin tức vtv"", ""thời sự vtv"", ""thời sự vtv24"", ""tin tức trong ngày"", ""chuyển động 24h"", ""tintuc"", ""tin tuc"", ""Hàn Quốc"", ""CH Czech"", ""World Cup"", ""2026"", ""highlights"", ""bàn thắng"", ""Hwang In-beom"", ""Oh Hyeon-gyu"", ""ngược dòng"", ""Mãnh hổ"", ""bảng A"", ""VTV24"", ""highlights Hàn Quốc 2-1 CH Czech"", ""Hwang In-beom rực sáng World Cup"", ""Hàn Quốc lội ngược dòng kịch tính"", ""bàn thắng quyết định Oh Hyeon-gyu"", ""tóm tắt trận đấu Hàn Quốc CH Czech"", ""video bàn thắng World Cup 2026"", ""thể thao VTV24""]",News & Politics,vi,,True,hd,False,rectangular,public,False,[],passed_all_criteria,,HIGHLIGHTS Hàn Quốc 2-1 CH Czech: Hwang In-beom rực sáng giúp 'Mãnh hổ' ngược dòng.  ---------- Ứng dụng VTVgo Android: https://bit.ly/305aQLs iOS:
